{
  "elephant": {
    "avg_response_time": 9.75720089673996,
    "min_response_time": 0.49286770820617676,
    "max_response_time": 29.212722539901733,
    "std_response_time": 13.070104175749764
  },
  "fox": {
    "avg_response_time": 4.192474991083145,
    "min_response_time": 0.5302004814147949,
    "max_response_time": 14.06024980545044,
    "std_response_time": 5.2554687347963736
  },
  "eagle": {
    "avg_response_time": 1.471396565437317,
    "min_response_time": 0.48384618759155273,
    "max_response_time": 4.249832391738892,
    "std_response_time": 1.4248302643474222
  },
  "ant": {
    "avg_response_time": 5.369499206542969,
    "min_response_time": 0.5391583442687988,
    "max_response_time": 16.82563829421997,
    "std_response_time": 6.76666746788234
  },
  "wolf": {
    "avg_response_time": 0.7907557785511017,
    "min_response_time": 0.12711048126220703,
    "max_response_time": 2.4056167602539062,
    "std_response_time": 0.9215337726302675
  },
  "bear": {
    "avg_response_time": 1.3027729094028473,
    "min_response_time": 0.13480162620544434,
    "max_response_time": 5.025352716445923,
    "std_response_time": 1.7943076482459996
  },
  "chameleon": {
    "avg_response_time": 0.1587706208229065,
    "min_response_time": 0.135467529296875,
    "max_response_time": 0.19525861740112305,
    "std_response_time": 0.026835039674250116
  }
}